ItemId,Classification1,Classification2,Classification3,Classification4,dataItem,dateandtime,Units,Datatype,Template,Reference_ranges,UCHsource,Timing,ICNARC_Fieldname,label1UCH,label2UCH,ClinicalTag,NHICcode,NHICdtCode,NHICmetaCode
1,Demographic,Unit,Identifier,NULL,Site code (ICNARC CMP number),No,NULL,text,XXXX,NULL,NULL,once on joining project,ICNNO,s1,s2,NULL,NIHR_HIC_ICU_0002,NULL,NULL
2,Demographic,Unit,CCU_bed_configuration,NULL,CCU bed configuration 02,No,NULL,text,99,NULL,NULL,once on joining project,NULL,s1,s2,NULL,NIHR_HIC_ICU_0006,NULL,NULL
3,Demographic,Unit,CCU_bed_configuration,NULL,CCU bed configuration 03,No,NULL,text,99,NULL,NULL,once on joining project,NULL,s1,s2,NULL,NIHR_HIC_ICU_0395,NULL,NULL
4,Demographic,Unit,CCU_bed_configuration,NULL,CCU bed configuration 05,No,NULL,text,99,NULL,NULL,once on joining project,NULL,s1,s2,NULL,NIHR_HIC_ICU_0396,NULL,NULL
5,Demographic,Unit,CCU_bed_configuration,NULL,CCU bed configuration 90,No,NULL,text,99,NULL,NULL,once on joining project,NULL,s1,s2,NULL,NIHR_HIC_ICU_0397,NULL,NULL
6,Demographic,Patient,Identifier,Numerical_national,NHS number,No,NULL,text,999 999 9999,NULL,Medicus,next working day after admission,NHSNO,s1,s2,NULL,NIHR_HIC_ICU_0073,NULL,NULL
7,Demographic,Patient,Identifier,Numerical_local,PAS number,No,NULL,text,XXXXXXXX,NULL,Medicus,next working day after admission,NULL,s1,s2,NULL,NIHR_HIC_ICU_0001,NULL,NULL
8,Demographic,Patient,Identifier,Episode,Critical care local identifier / ICNARC admission number,No,NULL,numeric,99999999,NULL,Medicus,next working day after admission,ADNO,s1,s2,NULL,NIHR_HIC_ICU_0005,NULL,NULL
9,Demographic,Patient,Identifier,Birth_date,Date of birth,No,NULL,date,yyyy-mm-dd,NULL,Medicus,next working day after admission,DOB,s1,s2,NULL,NIHR_HIC_ICU_0033,NULL,NULL
10,Demographic,Patient,Location,Address,Postcode,No,NULL,text,XXXX XXX,NULL,Medicus,next working day after admission,PCODE,s1,s2,NULL,NIHR_HIC_ICU_0076,NULL,NULL
11,Demographic,Patient,Location,GP,Code of GP,No,NULL,text,NULL,NULL,Medicus,next working day after admission,NULL,s1,s2,NULL,NIHR_HIC_ICU_0003,NULL,NULL
12,Demographic,Patient,Descriptor,Ethnicity,Ethnicity,No,NULL,list,X,NULL,Medicus,next working day after admission,ETHNIC,s1,s2,NULL,NIHR_HIC_ICU_0058,NULL,NULL
13,Demographic,Patient,Descriptor,Sex,Sex,No,NULL,list,X,NULL,Medicus,next working day after admission,SEX,s1,s2,NULL,NIHR_HIC_ICU_0093,NULL,NULL
14,Demographic,Patient,Descriptor,Height,Height,No,cm,numeric,999,NULL,Medicus,next working day after admission,HCM,s1,s2,NULL,NIHR_HIC_ICU_0017,NULL,NULL
15,Demographic,Patient,Descriptor,Height,Height (Source),No,NULL,list,X,NULL,Medicus,next working day after admission,HCMEST,s1,s2,NULL,NIHR_HIC_ICU_0018,NULL,NULL
16,Demographic,Patient,Descriptor,Weight,Weight,No,kg,numeric,999,NULL,Medicus,next working day after admission,WKG,s1,s2,NULL,NIHR_HIC_ICU_0019,NULL,NULL
17,Demographic,Patient,Descriptor,Weight,Weight (Source),No,NULL,list,X,NULL,Medicus,next working day after admission,WKGEST,s1,s2,NULL,NIHR_HIC_ICU_0020,NULL,NULL
18,Demographic,Dates,Hospital_admission,Date,Date of admission to your hospital,No,NULL,date,yyyy-mm-dd,NULL,Medicus,next working day after admission,DAH,s1,s2,NULL,NIHR_HIC_ICU_0032,NULL,NULL
19,Demographic,Dates,ICU_admission,Date_Time,Date & Time of admission to your unit,No,NULL,date/time,yyyy-mm-dd hh:mm,NULL,Medicus,within 30 min of input,DAICU,s1,s2,NULL,NIHR_HIC_ICU_0411,NULL,NULL
20,Demographic,Dates,ICU_discharge,Readiness,Date fully ready for discharge,No,NULL,date,yyyy-mm-dd,NULL,Medicus,next working day after discharge,DWFRD,s1,s2,NULL,NIHR_HIC_ICU_0050,NULL,NULL
21,Demographic,Dates,ICU_discharge,Readiness,Time fully ready for discharge,No,NULL,time,hh:mm,NULL,Medicus,next working day after discharge,TWFRD,s1,s2,NULL,NIHR_HIC_ICU_0051,NULL,NULL
22,Demographic,Dates,ICU_discharge,Date_Time,Date & Time of discharge from your unit,No,NULL,date/time,yyyy-mm-dd hh:mm,NULL,Medicus,within 30 min of input,DDICU,s1,s2,NULL,NIHR_HIC_ICU_0412,NULL,NULL
23,Demographic,Dates,ICU_discharge,Ultimate_discharge,Date of ultimate discharge from ICU/HDU,No,NULL,date,yyyy-mm-dd,NULL,Medicus,when available after discharge,DUDICU,s1,s2,NULL,NIHR_HIC_ICU_0037,NULL,NULL
24,Demographic,Dates,Hospital_discharge,Date,Date of discharge from your hospital,No,NULL,date,yyyy-mm-dd,NULL,Medicus,when available after discharge,DDH,s1,s2,NULL,NIHR_HIC_ICU_0406,NULL,NULL
25,Demographic,Dates,Hospital_discharge,Ultimate_discharge,Date of ultimate discharge from your hospital,No,NULL,date,yyyy-mm-dd,NULL,Medicus,when available after discharge,DUDH,s1,s2,NULL,NIHR_HIC_ICU_0408,NULL,NULL
271,Demographic,Episode_descriptors,ICU_discharge,Status_at_ultimate_discharge_from_your_ICUHDU,Status at ultimate discharge from ICUHDU,No,NULL,text,X,NULL,Medicus,when available after discharge,UDIS,s1,s2,NULL,NIHR_HIC_ICU_0930,NULL,
34,Demographic,Episode_descriptors,Hospital_admission,Location,Residence prior to admission to acute hospital,No,NULL,list,X,NULL,Medicus,next working day after admission,RESA,s1,s2,NULL,NIHR_HIC_ICU_0085,NULL,NULL
35,Demographic,Episode_descriptors,ICU_admission,Location,Hospital housing location (in),No,NULL,list,XX,NULL,Medicus,next working day after admission,HLOCA,s1,s2,NULL,NIHR_HIC_ICU_0065,NULL,NULL
36,Demographic,Episode_descriptors,ICU_admission,Inbound,Location (in),No,NULL,list,X,NULL,Medicus,next working day after admission,LOCA,s1,s2,NULL,NIHR_HIC_ICU_0068,NULL,NULL
37,Demographic,Episode_descriptors,ICU_admission,Type,Admission type,No,NULL,list,XX,NULL,Medicus,next working day after admission,PA_V3,s1,s2,NULL,NIHR_HIC_ICU_0398,NULL,NULL
38,Demographic,Episode_descriptors,ICU_admission,Specialty,Treatment function code,No,NULL,text,XXX,NULL,Medicus,next working day after admission,SCODE,s1,s2,NULL,NIHR_HIC_ICU_0004,NULL,NULL
39,Demographic,Episode_descriptors,ICU_admission,Surgical_priority,classification of surgery,No,NULL,list,X,NULL,Medicus,next working day after admission,CLASSNS,s1,s2,NULL,NIHR_HIC_ICU_0027,NULL,NULL
40,Demographic,Episode_descriptors,Acuity,NULL,Level 2 (HDU) days,No,days,numeric,999,NULL,Medicus,next working day after discharge,CCL2D,s1,s2,NULL,NIHR_HIC_ICU_0007,NULL,NULL
41,Demographic,Episode_descriptors,Acuity,NULL,Level 3 (ICU) days,No,days,numeric,999,NULL,Medicus,next working day after discharge,CCL3D,s1,s2,NULL,NIHR_HIC_ICU_0008,NULL,NULL
42,Demographic,Episode_descriptors,ICU_discharge,Status,Discharge status (Reason for discharge from your unit),No,NULL,list,X,NULL,Medicus,next working day after discharge,RDIS_V3,s1,s2,NULL,NIHR_HIC_ICU_0081,NULL,NULL
43,Demographic,Episode_descriptors,ICU_discharge,Outbound,Discharge location (location out),No,NULL,list,X,NULL,Medicus,next working day after discharge,LOCD,s1,s2,NULL,NIHR_HIC_ICU_0069,NULL,NULL
44,Demographic,Episode_descriptors,ICU_discharge,Timeliness,Timeliness of discharge from your unit,No,NULL,list,X,NULL,Medicus,next working day after discharge,TNESSD,s1,s2,NULL,NIHR_HIC_ICU_0405,NULL,NULL
45,Demographic,Episode_descriptors,Level_of_care_at_discharge,NULL,Level of care at discharge from your unit,No,NULL,list,X,NULL,Medicus,next working day after discharge,LEVD,s1,s2,NULL,NIHR_HIC_ICU_0066,NULL,NULL
46,Demographic,Episode_descriptors,Status_at_discharge_from_your_ICUHDU,NULL,Dead or alive on discharge,No,NULL,list,X,NULL,Medicus,when available after discharge,DIS,s1,s2,NULL,NIHR_HIC_ICU_0097,NULL,NULL
47,Demographic,Pre_episode_descriptors,Date,Date_of_original_admission,Date of original admission to/attendance at acute hospital,No,NULL,date,yyyy-mm-dd,NULL,Medicus,next working day after admission,DOAH,s1,s2,NULL,NIHR_HIC_ICU_0035,NULL,NULL
48,Demographic,Pre_episode_descriptors,Transferring_in,Hospital,Sector of other hospital (in),No,NULL,list,XX,NULL,Medicus,next working day after admission,SOHA,s1,s2,NULL,NIHR_HIC_ICU_0089,NULL,NULL
49,Demographic,Pre_episode_descriptors,Transferring_in,Hospital,Prior location (in),No,NULL,list,XX,NULL,Medicus,next working day after admission,PLOCA,s1,s2,NULL,NIHR_HIC_ICU_0077,NULL,NULL
50,Demographic,Pre_episode_descriptors,Transferring_in,Patient_episode_identifier,Transferring unit admission number,No,NULL,numeric,99999999,NULL,Medicus,next working day after admission,TUADNO,s1,s2,NULL,NIHR_HIC_ICU_0100,NULL,NULL
51,Demographic,Pre_episode_descriptors,Transferring_in,Patient_episode_identifier,Date of original admission to ICU/HDU,No,NULL,date,yyyy-mm-dd,NULL,Medicus,next working day after admission,DOAICU,s1,s2,NULL,NIHR_HIC_ICU_0036,NULL,NULL
52,Demographic,Pre_episode_descriptors,Transferring_in,Unit_identifier,Transferring unit identifier (in),No,NULL,text,XXXX,NULL,Medicus,next working day after admission,TUIDI,s1,s2,NULL,NIHR_HIC_ICU_0101,NULL,NULL
53,Demographic,Pre_episode_descriptors,Transferring_in,Unit_identifier,Type of adult ICU/HDU (in),No,NULL,list,X,NULL,Medicus,next working day after admission,TYPEIHA,s1,s2,NULL,NIHR_HIC_ICU_0104,NULL,NULL
54,Demographic,Pre_episode_descriptors,Transferring_in,Unit_identifier,Adult ICU/HDU within your critical care transfer group (in),No,NULL,list / logical,NULL,NULL,Medicus,next working day after admission,TGA,s1,s2,NULL,NIHR_HIC_ICU_0013,NULL,NULL
55,Demographic,Pre_episode_descriptors,Critical_care_visit,Outreach,Critical care visit prior to this admission to your unit,No,NULL,list,X,NULL,Medicus,next working day after admission,CCA,s1,s2,NULL,NIHR_HIC_ICU_0031,NULL,NULL
56,Demographic,Pre_episode_descriptors,Critical_care_visit,Date_of_last_visit_prior_to_admission,Date of last critical care visit prior to this admission to your unit,No,NULL,date,yyyy-mm-dd,NULL,Medicus,next working day after admission,DLCCA,s1,s2,NULL,NIHR_HIC_ICU_0034,NULL,NULL
57,Demographic,Post_episode_descriptors,Transferring_out,Hospital,Hospital housing location (out),No,NULL,list,X,NULL,Medicus,next working day after discharge,HLOCD,s1,s2,NULL,NIHR_HIC_ICU_0057,NULL,NULL
58,Demographic,Post_episode_descriptors,Transferring_out,Hospital,Sector of other hospital (out),No,NULL,list,X,NULL,Medicus,when available after discharge,SOHD,s1,s2,NULL,NIHR_HIC_ICU_0090,NULL,NULL
59,Demographic,Post_episode_descriptors,Transferring_out,Unit,Type of adult ICU/HDU (out),No,NULL,list,X,NULL,Medicus,when available after discharge,TYPEIHD,s1,s2,NULL,NIHR_HIC_ICU_0568,NULL,NULL
60,Demographic,Post_episode_descriptors,Transferring_out,Unit,Adult ICU/HDU within your critical care transfer group (out),No,NULL,list / logical,NULL,NULL,Medicus,when available after discharge,TGD,s1,s2,NULL,NIHR_HIC_ICU_0014,NULL,NULL
61,Demographic,Post_episode_descriptors,Status_at_discharge_from_your_hospital,NULL,Status at discharge from your hospital,No,NULL,list,X,NULL,Medicus,when available after discharge,HDIS,s1,s2,NULL,NIHR_HIC_ICU_0095,NULL,NULL
62,Demographic,Post_episode_descriptors,Critical_care_visit,Outreach,Critical care visit post-discharge from your unit,No,NULL,list,X,NULL,Medicus,when available after discharge,CCD,s1,s2,NULL,NIHR_HIC_ICU_0030,NULL,NULL
63,Demographic,Post_episode_descriptors,Critical_care_visit,Date_of_first_visit_post_discharge,Date of first critical care post-discharge from your unit,No,NULL,date,yyyy-mm-dd,NULL,Medicus,when available after discharge,DFCCD,s1,s2,NULL,NIHR_HIC_ICU_0407,NULL,NULL
64,Demographic,Post_episode_descriptors,Discharge_destination,Destination_post_discharge_within_your_hospital,Destination post discharge within your hospital,No,NULL,list,X,NULL,Medicus,when available after discharge,DESTH_V3,s1,s2,NULL,NIHR_HIC_ICU_0573,NULL,NULL
65,Demographic,Post_episode_descriptors,Discharge_destination,Residence_post_discharge_from_acute_hospital,Residence post discharge from acute hospital,No,NULL,list,X,NULL,Medicus,when available after discharge,RESD,s1,s2,NULL,NIHR_HIC_ICU_0084,NULL,NULL
66,Demographic,Post_episode_descriptors,Status_at_ultimate_discharge_from_hospital,NULL,Status at ultimate discharge from hospital,No,NULL,list,X,NULL,Medicus,when available after discharge,UHDIS,s1,s2,NULL,NIHR_HIC_ICU_0098,NULL,NULL
67,Demographic,Prognostication_variables,Reason_for_admission,Admission_for_pre_surgical_preparation,Admission for pre-surgical preparation,No,NULL,list / logical,NULL,NULL,Medicus,next working day after admission,PSP,s1,s2,NULL,NIHR_HIC_ICU_0011,NULL,NULL
68,Demographic,Prognostication_variables,Reason_for_admission,CPR_within_24_hours_prior_to_admission,Cardiopulmonary resuscitation within 24 hours prior to admission to unit,No,NULL,list,X,NULL,Medicus,next working day after admission,CPR_V3,s1,s2,NULL,NIHR_HIC_ICU_0021,NULL,NULL
69,Demographic,Prognostication_variables,Reason_for_admission,Primary_reason_for_admission,Primary reason for admission to your unit,No,NULL,text,99.99.99.99,NULL,Medicus,next working day after admission,RAICU1,s1,s2,NULL,NIHR_HIC_ICU_0399,NULL,NULL
70,Demographic,Prognostication_variables,Reason_for_admission,Secondary_reasons_for_admission,Secondary reasons for admission to your unit,No,NULL,text,99.99.99.99,NULL,Medicus,next working day after admission,RAICU2,s1,s2,NULL,NIHR_HIC_ICU_0088,NULL,NULL
71,Demographic,Prognostication_variables,Reason_for_admission,Ultimate_primary_reason_for_admission_to_unit,Ultimate primary reason for admission to unit,No,NULL,text,99.99.99.99,NULL,Medicus,next working day after discharge,URAICU,s1,s2,NULL,NIHR_HIC_ICU_0912,NULL,NULL
72,Demographic,Prognostication_variables,APACHE_II,Co_morbidities,Chemotherapy (within the last 6months) steroids alone excluded,No,NULL,list / logical,NULL,NULL,Medicus,next working day after admission,CHEMOX,s1,s2,NULL,NIHR_HIC_ICU_0024,NULL,NULL
73,Demographic,Prognostication_variables,APACHE_II,Co_morbidities,Radiotherapy,No,NULL,list / logical,NULL,NULL,Medicus,next working day after admission,RADIOX,s1,s2,NULL,NIHR_HIC_ICU_0080,NULL,NULL
74,Demographic,Prognostication_variables,APACHE_II,Co_morbidities,Congenital immunohumoral or cellular immune deficiency state,No,NULL,list / logical,NULL,NULL,Medicus,next working day after admission,CICIDS,s1,s2,NULL,NIHR_HIC_ICU_0029,NULL,NULL
75,Demographic,Prognostication_variables,APACHE_II,Co_morbidities,Acute myeloid/lymphocytic leukaemia or myeloma,No,NULL,list / logical,NULL,NULL,Medicus,next working day after admission,AMLALLMM,s1,s2,NULL,NIHR_HIC_ICU_0010,NULL,NULL
76,Demographic,Prognostication_variables,APACHE_II,Co_morbidities,Chronic myelogenous /lymphocytic leukaemia,No,NULL,list / logical,NULL,NULL,Medicus,next working day after admission,CMLCLL,s1,s2,NULL,NIHR_HIC_ICU_0025,NULL,NULL
77,Demographic,Prognostication_variables,APACHE_II,Co_morbidities,Lymphoma,No,NULL,list / logical,NULL,NULL,Medicus,next working day after admission,LYM,s1,s2,NULL,NIHR_HIC_ICU_0070,NULL,NULL
78,Demographic,Prognostication_variables,APACHE_II,Co_morbidities,Metastatic disease,No,NULL,list / logical,NULL,NULL,Medicus,next working day after admission,META,s1,s2,NULL,NIHR_HIC_ICU_0071,NULL,NULL
79,Demographic,Prognostication_variables,APACHE_II,Co_morbidities,Chronic renal replacement therapy,No,NULL,list / logical,NULL,NULL,Medicus,next working day after admission,CRRX,s1,s2,NULL,NIHR_HIC_ICU_0026,NULL,NULL
80,Demographic,Prognostication_variables,APACHE_II,Co_morbidities,Biopsy proven cirrhosis,No,NULL,list / logical,NULL,NULL,Medicus,next working day after admission,BPC,s1,s2,NULL,NIHR_HIC_ICU_0016,NULL,NULL
81,Demographic,Prognostication_variables,APACHE_II,Co_morbidities,Heaptic encephalopathy,No,NULL,list / logical,NULL,NULL,Medicus,next working day after admission,HE,s1,s2,NULL,NIHR_HIC_ICU_0060,NULL,NULL
82,Demographic,Prognostication_variables,APACHE_II,Co_morbidities,Portal hypertension,No,NULL,list / logical,NULL,NULL,Medicus,next working day after admission,PH,s1,s2,NULL,NIHR_HIC_ICU_0075,NULL,NULL
83,Demographic,Prognostication_variables,APACHE_II,Co_morbidities,HIV/AIDS,No,NULL,list / logical,NULL,NULL,Medicus,next working day after admission,AIDS_V3,s1,s2,NULL,NIHR_HIC_ICU_0062,NULL,NULL
84,Demographic,Prognostication_variables,APACHE_II,Co_morbidities,Home ventilation,No,NULL,list / logical,NULL,NULL,Medicus,next working day after admission,HV,s1,s2,NULL,NIHR_HIC_ICU_0063,NULL,NULL
85,Demographic,Prognostication_variables,APACHE_II,Co_morbidities,Severe respiratory disease,No,NULL,list / logical,NULL,NULL,Medicus,next working day after admission,SRD,s1,s2,NULL,NIHR_HIC_ICU_0092,NULL,NULL
86,Demographic,Prognostication_variables,APACHE_II,Co_morbidities,Steroid treatment,No,NULL,list / logical,NULL,NULL,Medicus,next working day after admission,STERX,s1,s2,NULL,NIHR_HIC_ICU_0099,NULL,NULL
87,Demographic,Prognostication_variables,APACHE_II,Co_morbidities,Very severe cardiovascular disease,No,NULL,list / logical,NULL,NULL,Medicus,next working day after admission,VSCD,s1,s2,NULL,NIHR_HIC_ICU_0107,NULL,NULL
88,Demographic,Prognostication_variables,APACHE_II,Co_morbidities,Other condition in past medical history,No,NULL,list / logical,NULL,NULL,Medicus,next working day after admission,OCPMH,s1,s2,NULL,NIHR_HIC_ICU_0074,NULL,NULL
89,Demographic,Prognostication_variables,APACHE_II,Co_morbidities,Dependency prior to admission,No,NULL,list,NULL,NULL,Medicus,next working day after admission,DEP,s1,s2,NULL,NIHR_HIC_ICU_0055,NULL,NULL
90,Demographic,Prognostication_variables,APACHE_II,APACHE_II_score,APACHE II Score,No,NULL,numeric,99,NULL,Medicus,next working day after discharge,NULL,s1,s2,NULL,NIHR_HIC_ICU_0409,NULL,NULL
91,Demographic,Prognostication_variables,APACHE_II,APACHE_II_probability,APACHE II Probability,No,%,numeric,999,NULL,Medicus,next working day after discharge,NULL,s1,s2,NULL,NIHR_HIC_ICU_0410,NULL,NULL
92,Demographic,Prognostication_variables,Delayed_admission,Delayed_admission,Delayed admission,No,NULL,list,X,NULL,Medicus,next working day after admission,TNESSA,s1,s2,NULL,NIHR_HIC_ICU_0053,NULL,NULL
93,Demographic,Prognostication_variables,Delayed_admission,Delay,Delay,No,hours,numeric,999,NULL,Medicus,next working day after admission,DHRS,s1,s2,NULL,NIHR_HIC_ICU_0054,NULL,NULL
94,Demographic,Prognostication_variables,Antimicrobial_use,NULL,Antimicrobial use after 48 hours in your unit,No,NULL,list / logical,NULL,NULL,Medicus,next working day after discharge,AMUAI,s1,s2,NULL,NIHR_HIC_ICU_0015,NULL,NULL
95,Demographic,Organ_dysfunction,Cumulative,NULL,Organ support maximum,No,NULL,numeric,999,NULL,Medicus,next working day after discharge,NULL,s1,s2,NULL,NIHR_HIC_ICU_0009,NULL,NULL
96,Demographic,Organ_dysfunction,Cumulative,Individual,Advanced respiratory support days,No,days,numeric,999,NULL,Medicus,next working day,ARSD,s1,s2,NULL,NIHR_HIC_ICU_0087,NULL,NULL
97,Demographic,Organ_dysfunction,Cumulative,Individual,Basic respiratory support days,No,days,numeric,999,NULL,Medicus,next working day,BRSD,s1,s2,NULL,NIHR_HIC_ICU_0086,NULL,NULL
98,Demographic,Organ_dysfunction,Cumulative,Individual,Advanced Cardiovascular support days,No,days,numeric,999,NULL,Medicus,next working day,ACSD,s1,s2,NULL,NIHR_HIC_ICU_0023,NULL,NULL
99,Demographic,Organ_dysfunction,Cumulative,Individual,Basic Cardiovascular support days,No,days,numeric,999,NULL,Medicus,next working day,BCSD,s1,s2,NULL,NIHR_HIC_ICU_0022,NULL,NULL
100,Demographic,Organ_dysfunction,Cumulative,Individual,Renal support days,No,days,numeric,999,NULL,Medicus,next working day,RSD,s1,s2,NULL,NIHR_HIC_ICU_0083,NULL,NULL
101,Demographic,Organ_dysfunction,Cumulative,Individual,Neurological support days,No,days,numeric,999,NULL,Medicus,next working day,NSD,s1,s2,NULL,NIHR_HIC_ICU_0072,NULL,NULL
102,Demographic,Organ_dysfunction,Cumulative,Individual,Liver support days,No,days,numeric,999,NULL,Medicus,next working day,LSD,s1,s2,NULL,NIHR_HIC_ICU_0067,NULL,NULL
103,Demographic,Organ_dysfunction,Cumulative,Individual,Dermatological support days,No,days,numeric,999,NULL,Medicus,next working day,DSD,s1,s2,NULL,NIHR_HIC_ICU_0056,NULL,NULL
104,Demographic,Organ_dysfunction,Cumulative,Individual,Gastrointestinal support days,No,days,numeric,999,NULL,Medicus,next working day,GSD,s1,s2,NULL,NIHR_HIC_ICU_0059,NULL,NULL
105,Demographic,End_of_life,Limitation_of_therapy,Treatment_withheldwithdrawn,Treatment withheld/withdrawn,No,NULL,list,NULL,NULL,Medicus,next working day after discharge,ITW_V3,s1,s2,NULL,NIHR_HIC_ICU_0103,NULL,NULL
106,Demographic,End_of_life,Limitation_of_therapy,Date_treatment_first_withdrawn,Date treatment first withdrawn,No,NULL,date,yyyy-mm-dd,NULL,Medicus,next working day after discharge,DTW,s1,s2,NULL,NIHR_HIC_ICU_0048,NULL,NULL
107,Demographic,End_of_life,Limitation_of_therapy,Time_treatment_first_withdrawn,Time treatment first withdrawn,No,NULL,time,hh:mm,NULL,Medicus,next working day after discharge,TTW,s1,s2,NULL,NIHR_HIC_ICU_0049,NULL,NULL
108,Demographic,End_of_life,Death,Brain_stem_death,Brain stem death declared,No,NULL,list / logical,NULL,NULL,Medicus,next working day after discharge,BSDTP,s1,s2,NULL,NIHR_HIC_ICU_0400,NULL,NULL
109,Demographic,End_of_life,Death,Brain_stem_death,Date of declaration of brain stem death,No,NULL,date,yyyy-mm-dd,NULL,Medicus,next working day after discharge,DDBSD,s1,s2,NULL,NIHR_HIC_ICU_0044,NULL,NULL
110,Demographic,End_of_life,Death,Brain_stem_death,Time of declaration of brain stem death,No,NULL,time,hh:mm,NULL,Medicus,next working day after discharge,TDBSD,s1,s2,NULL,NIHR_HIC_ICU_0045,NULL,NULL
111,Demographic,End_of_life,Death,Date_of_death,Date of death on yout unit,No,NULL,date,yyyy-mm-dd,NULL,Medicus,next working day after discharge,DOD,s1,s2,NULL,NIHR_HIC_ICU_0042,NULL,NULL
112,Demographic,End_of_life,Death,Time_of_death,Time of death on your unit,No,NULL,time,hh:mm,NULL,Medicus,next working day after discharge,TOD,s1,s2,NULL,NIHR_HIC_ICU_0043,NULL,NULL
113,Demographic,End_of_life,Organ_donation,Refferral_made,Referred for solid organ or tissue donation,No,NULL,list / logical,NULL,NULL,Medicus,next working day after discharge,REFOD,s1,s2,NULL,NIHR_HIC_ICU_0082,NULL,NULL
114,Demographic,End_of_life,Organ_donation,Solid_organ_or_tissue_donor,Solid organ or tissue donor,No,NULL,list,X,NULL,Medicus,next working day after discharge,OD_V3,s1,s2,NULL,NIHR_HIC_ICU_0094,NULL,NULL
115,Demographic,End_of_life,Body_removal,Date_body_removed,Date body removed from your unit,No,NULL,date,yyyy-mm-dd,NULL,Medicus,next working day after discharge,DBRICU,s1,s2,NULL,NIHR_HIC_ICU_0038,NULL,NULL
116,Demographic,End_of_life,Body_removal,Time_body_removed,Time body removed from your unit,No,NULL,time,hh:mm,NULL,ICIP,next working day after discharge,TBRICU,s1,s2,NULL,NIHR_HIC_ICU_0039,NULL,NULL
117,Physiology,Organ_dysfunction,Daily,NULL,Advanced respiratory support,No,1 or 0,Logical,1,NULL,ICIP,next working day,NULL,ARS,CCMDS,physiology-organ-dysfunction-advanced-respiratory,NIHR_HIC_ICU_0931,NIHR_HIC_ICU_0940,NULL
118,Physiology,Organ_dysfunction,Daily,NULL,Basic respiratory support,No,1 or 0,Logical,1,NULL,ICIP,next working day,NULL,BRS,CCMDS,physiology-organ-dysfunction-basic-respiratory,NIHR_HIC_ICU_0932,NIHR_HIC_ICU_0941,NULL
119,Physiology,Organ_dysfunction,Daily,NULL,Advanced Cardiovascular support,No,1 or 0,Logical,1,NULL,ICIP,next working day,NULL,ACS,CCMDS,physiology-organ-dysfunction-advanced-cardiovascular,NIHR_HIC_ICU_0933,NIHR_HIC_ICU_0942,NULL
120,Physiology,Organ_dysfunction,Daily,NULL,Basic Cardiovascular support,No,1 or 0,Logical,1,NULL,ICIP,next working day,NULL,BCS,CCMDS,physiology-organ-dysfunction-basic-cardiovascular,NIHR_HIC_ICU_0934,NIHR_HIC_ICU_0943,NULL
121,Physiology,Organ_dysfunction,Daily,NULL,Renal support,No,1 or 0,Logical,1,NULL,ICIP,next working day,NULL,Renal,CCMDS,physiology-organ-dysfunction-renal-support,NIHR_HIC_ICU_0935,NIHR_HIC_ICU_0944,NULL
122,Physiology,Organ_dysfunction,Daily,NULL,Neurological support,No,1 or 0,Logical,1,NULL,ICIP,next working day,NULL,Neuro,CCMDS,physiology-organ-dysfunction-neurological-support,NIHR_HIC_ICU_0936,NIHR_HIC_ICU_0945,NULL
123,Physiology,Organ_dysfunction,Daily,NULL,Liver support,No,1 or 0,Logical,1,NULL,ICIP,next working day,NULL,Liver,CCMDS,physiology-organ-dysfunction-live-support,NIHR_HIC_ICU_0937,NIHR_HIC_ICU_0946,NULL
124,Physiology,Organ_dysfunction,Daily,NULL,Dermatological support,No,1 or 0,Logical,1,NULL,ICIP,next working day,NULL,Derm,CCMDS,physiology-organ-dysfunction-dermatological-support,NIHR_HIC_ICU_0938,NIHR_HIC_ICU_0947,NULL
125,Physiology,Organ_dysfunction,Daily,NULL,Gastrointestinal support,No,1 or 0,Logical,1,NULL,ICIP,next working day,NULL,GI,CCMDS,physiology-organ-dysfunction-gastrointestinal-support,NIHR_HIC_ICU_0939,NIHR_HIC_ICU_0948,NULL
126,Physiology,Neurology,GCS,gcs_total,GCS - total,Yes,NULL,numeric,99,NULL,ICIP,within 30 min of input,NULL,GCS,GCS Total,clinical-gcs-score-total,NIHR_HIC_ICU_0156,NIHR_HIC_ICU_0293,NULL
127,Physiology,Neurology,GCS,gcs_motor_component,GCS - motor component,Yes,NULL,numeric,9,NULL,ICIP,within 30 min of input,NULL,GCS,GCS Motor,clinical-gcs-score-motor,NIHR_HIC_ICU_0157,NIHR_HIC_ICU_0294,NULL
128,Physiology,Neurology,GCS,gcs_eye_component,GCS - eye component,Yes,NULL,numeric,9,NULL,ICIP,within 30 min of input,NULL,GCS,GCS Eyes,clinical-gcs-score-eye,NIHR_HIC_ICU_0158,NIHR_HIC_ICU_0295,NULL
129,Physiology,Neurology,GCS,gcs_verbal_component,GCS - verbal component,Yes,NULL,numeric,9,NULL,ICIP,within 30 min of input,NULL,GCS,GCS Verbal,clinical-gcs-score-verbal,NIHR_HIC_ICU_0159,NIHR_HIC_ICU_0296,NULL
130,Physiology,Neurology,Sedation,Richmond_Agitation_Sedation_Score_RASS,Sedation score (hourly),Yes,NULL,list,XX,NULL,ICIP,within 30 min of input,NULL,RASS,RASS,physiology-neurological-sedation-score-hourly,NIHR_HIC_ICU_0160,NIHR_HIC_ICU_0917,NULL
131,Physiology,Neurology,Sedation,Sedated,Sedation yes/no,Yes,NULL,list,X,NULL,ICIP,within 30 min of input,NULL,Sedated and Paralysed,S or P,physiology-neurological-sedation-yesno,NIHR_HIC_ICU_0911,NIHR_HIC_ICU_0297,NULL
132,Physiology,Cardiovascular,ECG,Heart_rate,Heart rate,Yes,bpm,numeric,999,NULL,ICIP,within 30 min of input,NULL,Heart Rate,HR,physiology-cardiovascular-heart-rate,NIHR_HIC_ICU_0108,NIHR_HIC_ICU_0254,NULL
133,Physiology,Cardiovascular,ECG,Heart_rhythm,Heart rhythm,Yes,NULL,list,XX,NULL,ICIP,within 30 min of input,NULL,Cardiac Rhythm,Cardiac Rhythm,physiology-cardiovascular-heart-rhythm,NIHR_HIC_ICU_0109,NIHR_HIC_ICU_0255,NULL
134,Physiology,Cardiovascular,Blood_pressure,Arterial,Mean arterial blood pressure - Art BPMean arterial blood pressure,Yes,mmHg,numeric,999,NULL,ICIP,within 30 min of input,NULL,Art BP,Mean,physiology-cardiovascular-mean-art-bp,NIHR_HIC_ICU_0110,NIHR_HIC_ICU_0256,NIHR_HIC_ICU_0801 
135,Physiology,Cardiovascular,Blood_pressure,Arterial,Mean arterial blood pressure - NBPMean arterial blood pressure,Yes,mmHg,numeric,999,NULL,ICIP,within 30 min of input,NULL,NBP,Mean,physiology-cardiovascular-mean-nbp,NIHR_HIC_ICU_0111,NIHR_HIC_ICU_0257,NULL
136,Physiology,Cardiovascular,Blood_pressure,Arterial,Systolic Arterial blood pressure - Art BPSystolic Arterial blood pressure,Yes,mmHg,numeric,999,NULL,ICIP,within 30 min of input,NULL,Art BP,Systolic,physiology-cardiovascular-systolic-art-bp,NIHR_HIC_ICU_0112,NIHR_HIC_ICU_0258,NIHR_HIC_ICU_0802
137,Physiology,Cardiovascular,Blood_pressure,Arterial,Systolic Arterial blood pressure - NBPSystolic Arterial blood pressure,Yes,mmHg,numeric,999,NULL,ICIP,within 30 min of input,NULL,NBP,Systolic,physiology-cardiovascular-systolic-nbp,NIHR_HIC_ICU_0113,NIHR_HIC_ICU_0259,NULL
138,Physiology,Cardiovascular,Blood_pressure,Arterial,Diastolic arterial blood pressure - Art BPDiastolic arterial blood pressure,Yes,mmHg,numeric,999,NULL,ICIP,within 30 min of input,NULL,Art BP,Diastolic,physiology-cardiovascular-diastolic-art-bp,NIHR_HIC_ICU_0114,NIHR_HIC_ICU_0260,NIHR_HIC_ICU_0803
139,Physiology,Cardiovascular,Blood_pressure,Arterial,Diastolic arterial blood pressure - NBPDiastolic arterial blood pressure,Yes,mmHg,numeric,999,NULL,ICIP,within 30 min of input,NULL,NBP,Diastolic,physiology-cardiovascular-diastolic-nbp,NIHR_HIC_ICU_0115,NIHR_HIC_ICU_0261,NULL
140,Physiology,Cardiovascular,Blood_pressure,Venous,Central venous pressure,Yes,mmHg,numeric,99,NULL,ICIP,within 30 min of input,NULL,CVP,CVP,physiology-cardiovascular-cvp,NIHR_HIC_ICU_0116,NIHR_HIC_ICU_0262,NIHR_HIC_ICU_0804 
141,Physiology,Cardiovascular,Cardiac_ouput_monitoring,Cardiac_output_CO,Cardiac output - LiDCO Plus,Yes,l/min,numeric,99.9,NULL,ICIP,within 30 min of input,NULL,LIDCO Plus,CO,physiology-cardiovascular-lidco-plus,NIHR_HIC_ICU_0117,NIHR_HIC_ICU_0263,NULL
142,Physiology,Cardiovascular,Cardiac_ouput_monitoring,Cardiac_output_CO,Cardiac output - LiDCO Rapid,Yes,l/min,numeric,99.9,NULL,ICIP,within 30 min of input,NULL,LIDCO Rapid,CO,physiology-cardiovascular-lidco-rapid,NIHR_HIC_ICU_0118,NIHR_HIC_ICU_0264,NULL
143,Physiology,Cardiovascular,Cardiac_ouput_monitoring,Cardiac_output_CO,Cardiac output - PICCO,Yes,l/min,numeric,99.9,NULL,ICIP,within 30 min of input,NULL,Cardiac output measurement - PICCO,Not collected at UCH,physiology-cardiovascular-pico,NIHR_HIC_ICU_0119,NIHR_HIC_ICU_0265,NULL
144,Physiology,Cardiovascular,Cardiac_ouput_monitoring,Cardiac_output_CO,Cardiac output - PA Catheter,Yes,l/min,numeric,99.9,NULL,ICIP,within 30 min of input,NULL,Cardiac output measurement - PA catheter,Not Available,physiology-cardiovascular-pa-catheter,NIHR_HIC_ICU_0120,NIHR_HIC_ICU_0266,NULL
145,Physiology,Cardiovascular,Cardiac_ouput_monitoring,Cardiac_output_CO,Cardiac output - Doppler,Yes,l/min,numeric,99.9,NULL,ICIP,within 30 min of input,NULL,Oesophageal Doppler,CO,physiology-cardiovascular-doppler,NIHR_HIC_ICU_0121,NIHR_HIC_ICU_0267,NULL
146,Physiology,Respiratory,Endtracheal_airway,NULL,Airway,Yes,NULL,list,X,NULL,ICIP,within 30 min of input,NULL,Airway,Airway,physiology-respiratory-airway,NIHR_HIC_ICU_0126,NIHR_HIC_ICU_0271,NULL
147,Physiology,Respiratory,Ventilation,Ventilated,Invasive or non-invasive (ventilation),Yes,NULL,list,X,NULL,ICIP,within 30 min of input,NULL,Ventilator Mode,Mode,physiology-respiratory-invasive,NIHR_HIC_ICU_0144,NIHR_HIC_ICU_0281,NULL
148,Physiology,Respiratory,Ventilation,Respiratory_rate_patient_observation,Spontaneous Respiratory Rate,Yes,bpm,numeric,99,NULL,ICIP,within 30 min of input,NULL,Respiratory Rate,RR,physiology-respiratory-spontanious-rate,NIHR_HIC_ICU_0549,NIHR_HIC_ICU_0282,NULL
149,Physiology,Respiratory,Ventilation,Respiratory_rate_patient_observation,Total respiratory rate (monitor),Yes,bpm,numeric,99,NULL,ICIP,within 30 min of input,NULL,Total respiratory rate from monitor (hourly),Not collected at UCH,physiology-respiratory-monitor-measured-rate,NIHR_HIC_ICU_0145,NIHR_HIC_ICU_0283,NULL
150,Physiology,Respiratory,Ventilation,Oxygenation,SpO2,Yes,%,numeric,99,NULL,ICIP,within 30 min of input,NULL,SpO2,SpO2,physiology-respiratory-spo2,NIHR_HIC_ICU_0129,NIHR_HIC_ICU_0272,NULL
151,Physiology,Respiratory,Ventilation,Oxygenation,PaO2/FiO2 ratio,Yes,NULL,numeric,99.9,NULL,ICIP,within 30 min of input,NULL,P:F Ratio,P:F Ratio,physiology-respiratory-paO2-fiO2,NIHR_HIC_ICU_0913,NIHR_HIC_ICU_0914,NULL
152,Physiology,Respiratory,Ventilation,Ventilator_settings,Inspired fraction of oxygen,Yes,NULL,numeric,9.99,NULL,ICIP,within 30 min of input,NULL,FiO2,FiO2,physiology-respiratory-inspired-fraction-oxygen,NIHR_HIC_ICU_0150,NIHR_HIC_ICU_0287,NULL
153,Physiology,Respiratory,Ventilation,Ventilator_settings,Positive End Expiratory Pressure,Yes,cm H2O,numeric,99,NULL,ICIP,within 30 min of input,NULL,PEEP,PEEP,physiology-respiratory-positive-end-expiratory-pressure,NIHR_HIC_ICU_0151,NIHR_HIC_ICU_0288,NULL
154,Physiology,Respiratory,Ventilation,Ventilator_settings,Mandatory Respiratory Rate,Yes,bpm,numeric,99,NULL,ICIP,within 30 min of input,NULL,Set Resp Rate,Ventilator Rate,physiology-respiratory-mandatory-rate,NIHR_HIC_ICU_0147,NIHR_HIC_ICU_0284,NULL
155,Physiology,Respiratory,Ventilation,Ventilator_observations,Total respiratory rate (ventilator),Yes,bpm,numeric,99,NULL,ICIP,within 30 min of input,NULL,Measured rate (ventilated),Ventilator Rate,physiology-respiratory-vantilator-measured-rate,NIHR_HIC_ICU_0146,NIHR_HIC_ICU_0546,NULL
156,Physiology,Respiratory,Ventilation,Ventilator_observations,Minute volume,Yes,l/min,numeric,99.9,NULL,ICIP,within 30 min of input,NULL,Minute Volume,MV,physiology-respiratory-minute-volume,NIHR_HIC_ICU_0148,NIHR_HIC_ICU_0285,NULL
157,Physiology,Respiratory,Ventilation,Ventilator_observations,Tidal volume,Yes,ml,numeric,9999,NULL,ICIP,within 30 min of input,NULL,Tidal Volume (Measured),TV,physiology-respiratory-tidal-volume,NIHR_HIC_ICU_0550,NIHR_HIC_ICU_0401,NULL
158,Physiology,Respiratory,Ventilation,Ventilator_observations,Peak airway pressure,Yes,cm H2O,numeric,99,NULL,ICIP,within 30 min of input,NULL,Peak Airway Pres,PAP,physiology-respiratory-peak-airway-pressure,NIHR_HIC_ICU_0149,NIHR_HIC_ICU_0286,NULL
159,Physiology,Respiratory,Ventilation,HFOV_settings,Frequency (Hz),Yes,Hz,numeric,99,NULL,ICIP,within 30 min of input,NULL,Frequency measurement (hourly),Not collected at UCH,physiology-respiratory-frequency,NIHR_HIC_ICU_0153,NIHR_HIC_ICU_0290,NULL
160,Physiology,Respiratory,Ventilation,HFOV_settings,Cycle Volume,Yes,ml,numeric,999,NULL,ICIP,within 30 min of input,NULL,Cycle volume measurement (hourly),Not collected at UCH,physiology-respiratory-cycle-volume,NIHR_HIC_ICU_0154,NIHR_HIC_ICU_0291,NULL
161,Physiology,Respiratory,Ventilation,HFOV_settings,Base flow,Yes,l/min,numeric,999,NULL,ICIP,within 30 min of input,NULL,Base flow measurement (hourly),Not collected at UCH,physiology-respiratory-base-flow,NIHR_HIC_ICU_0155,NIHR_HIC_ICU_0292,NULL
162,Physiology,Respiratory,Ventilation,HFOV_observations,Airway pressure,Yes,cm H2O,numeric,99,NULL,ICIP,within 30 min of input,NULL,Airway pressure measurement (hourly),Not collected at UCH,physiology-respiratory-airway-pressure,NIHR_HIC_ICU_0152,NIHR_HIC_ICU_0289,NULL
163,Physiology,Renal,Fluid_volumes,Balance,Fluid Balance (daily),Yes,ml,numeric,+/-99999,NULL,ICIP,within 30 min of input,NULL,Fluid balance (Hourly),Fluid balance (Hourly),physiology-cardiovascular-fluid-balance-daily,NIHR_HIC_ICU_0915,NIHR_HIC_ICU_0916,NULL
164,Physiology,Renal,Fluid_volumes,Balance,Fluid Balance (hourly),Yes,ml,numeric,+/-99999,NULL,ICIP,(each) next working day after admission,NULL,TOTAL FLUID BALANCE (24hr),TOTAL FLUID BALANCE (24hr),physiology-cardiovascular-fluid-balance-hourly,NIHR_HIC_ICU_0413,NIHR_HIC_ICU_0317,NULL
165,Physiology,Renal,Fluid_volumes,Urine_output,Urine output,Yes,ml,numeric,9999,NULL,ICIP,within 30 min of input,NULL,Urine output,Urine,physiology-renal-urine-output,NIHR_HIC_ICU_0162,NIHR_HIC_ICU_0299,NULL
166,Physiology,Renal,Renal_replacement_therapy_RRT,Mode,Renal replacement mode,Yes,NULL,list,X,NULL,ICIP,within 30 min of input,NULL,Renal Replacement,Treatment mode,physiology-renal-replacement-mode,NIHR_HIC_ICU_0161,NIHR_HIC_ICU_0298,NULL
167,Physiology,Renal,Renal_replacement_therapy_RRT,Duration_of_therapy,Duration of therapy (hours per day),Yes,hours,numeric,99.9,NULL,ICIP,within 30 min of input,NULL,Duration of therapy (hours per day),Duration,physiology-renal-time-on-filter-per-day,NIHR_HIC_ICU_0552,NIHR_HIC_ICU_0869,NULL
168,Physiology,Renal,Renal_replacement_therapy_RRT,Fluid_volumes_RRT,Total effluent per day,Yes,ml,numeric,99999,NULL,ICIP,within 30 min of input,NULL,Total effluent (daily),Effluent,physiology-renal-total-effluent-per-day,NIHR_HIC_ICU_0553,NIHR_HIC_ICU_0870,NULL
169,Physiology,Renal,Renal_replacement_therapy_RRT,Fluid_volumes_RRT,Dialysate,Yes,ml,numeric,99999,NULL,ICIP,within 30 min of input,NULL,Total dialysate (daily),Dialysate,physiology-renal-Dialysate,NIHR_HIC_ICU_0554,NIHR_HIC_ICU_0871,NULL
170,Physiology,Renal,Renal_replacement_therapy_RRT,Fluid_volumes_RRT,Replacement fluid during RRT,Yes,ml,numeric,99999,NULL,ICIP,within 30 min of input,NULL,Total replacement fluid during therapy (daily),Replacement,physiology-renal-Replacement-fluid-during-RRT,NIHR_HIC_ICU_0555,NIHR_HIC_ICU_0872,NULL
171,Physiology,Renal,Renal_replacement_therapy_RRT,Anticoagulation,Type of anticoagulation,Yes,NULL,list,NULL,NULL,ICIP,within 30 min of input,NULL,Type of anticoagulation,Not Available,physiology-renal-Type-of-anticoagulation,NIHR_HIC_ICU_0556,NIHR_HIC_ICU_0999,NULL
172,Nursing_other,Position,Position_measurement,NULL,Position,Yes,NULL,list,XX,NULL,ICIP,within 30 min of input,NULL,Patient Position,Patient Position,physiology-nursing-position,NIHR_HIC_ICU_0143,NIHR_HIC_ICU_0280,NULL
173,Nursing_other,Temperature,Central,NULL,Temperature - Central,Yes,degree Celcius,numeric,99.9,NULL,ICIP,within 30 min of input,NULL,Central Temp,Central Temp,physiology-temp-central,NIHR_HIC_ICU_0141,NIHR_HIC_ICU_0278,NULL
174,Nursing_other,Temperature,Non_central,NULL,Temperature - Non-central,Yes,degree Celcius,numeric,99.9,NULL,ICIP,within 30 min of input,NULL,Non Central Temp,Non Central Temp,physiology-temp-non-central,NIHR_HIC_ICU_0142,NIHR_HIC_ICU_0279,NULL
175,Laboratory,Chemistry,Electrolytes,Sodium,Sodium,Yes,mmol/l,numeric,999,135 - 145,ICIP,within 30 min of input,NULL,Sodium,Lab Value,laboratory-chemistry-sodium,NIHR_HIC_ICU_0168,NIHR_HIC_ICU_0302,NULL
176,Laboratory,Chemistry,Electrolytes,Sodium,Sodium ABG/VBG,Yes,mmol/l,numeric,999,135 - 148,ICIP,within 30 min of input,NULL,ABG.Sodium,ABG,laboratory-chemistry-sodium-abg-vbg,NIHR_HIC_ICU_0169,NIHR_HIC_ICU_0303,NULL
177,Laboratory,Chemistry,Electrolytes,Potassium,Potassium,Yes,mmol/l,numeric,99.9,3.5 - 5.1,ICIP,within 30 min of input,NULL,Potassium,Lab Value,laboratory-chemistry-potassium,NIHR_HIC_ICU_0171,NIHR_HIC_ICU_0304,NULL
178,Laboratory,Chemistry,Electrolytes,Potassium,Potassium ABG/VBG,Yes,mmol/l,numeric,99.9,3.5 - 4.5,ICIP,within 30 min of input,NULL,ABG.Potassium,ABG,laboratory-chemistry-potassium-abg-vbg,NIHR_HIC_ICU_0172,NIHR_HIC_ICU_0305,NULL
179,Laboratory,Chemistry,Renal_markers,Urea,Urea,Yes,mmol/l,numeric,99.9,1.7 - 8.3,ICIP,within 30 min of input,NULL,Urea,Lab Value,laboratory-chemistry-urea,NIHR_HIC_ICU_0164,NIHR_HIC_ICU_0300,NULL
180,Laboratory,Chemistry,Renal_markers,Creatinine,Creatinine,Yes,umol/l,numeric,9999,66 - 112,ICIP,within 30 min of input,NULL,Creatinine,Lab Value,laboratory-chemistry-creatinine,NIHR_HIC_ICU_0166,NIHR_HIC_ICU_0301,NULL
181,Laboratory,Chemistry,Liver_markers,Bilirubin,Bilirubin,Yes,umol/l,numeric,999,0 - 20,ICIP,within 30 min of input,NULL,Total Bilirubin,Lab Value,laboratory-chemistry-bilirubin,NIHR_HIC_ICU_0174,NIHR_HIC_ICU_0306,NULL
182,Laboratory,Chemistry,Glucose,NULL,Glucose (laboratory),Yes,mmol/l,numeric,99.9,NULL,ICIP,NULL,NULL,Glucose,Lab Value,laboratory-chemistry-glucose-laboratory,NIHR_HIC_ICU_0918,NIHR_HIC_ICU_0919,NULL
183,Laboratory,Chemistry,Glucose,NULL,Glucose ABG/VBG,Yes,mmol/l,numeric,99.9,3.3 - 6.1,ICIP,within 30 min of input,NULL,ABG.Blood Glucose,ABG,laboratory-chemistry-glucose-abg-vbg,NIHR_HIC_ICU_0175,NIHR_HIC_ICU_0307,NULL
184,Laboratory,Chemistry,Glucose,NULL,Glucose bedside test,Yes,mmol/l,numeric,99.9,0.6 - 33.3 (operating range),ICIP,within 30 min of input,NULL,Finger Stick Blood Glucose,Lab Value,laboratory-chemistry-glucose-bedside,NIHR_HIC_ICU_0176,NIHR_HIC_ICU_0308,NULL
185,Laboratory,Chemistry,Inflammatory_markers,CRP,C reactive protein,Yes,mg/l,numeric,999,NULL,ICIP,within 30 min of input,NULL,CRP,Lab Value,laboratory-haematology-C-reactive-protein,NIHR_HIC_ICU_0557,NIHR_HIC_ICU_0800,NULL
186,Laboratory,Chemistry,Acid_base,pH,pH - ABG / VBG,Yes,NULL,numeric,9.99,NULL,ICIP,within 30 min of input,NULL,ABG.pH,ABG,laboratory-chemistry-ph-abg-vbg,NIHR_HIC_ICU_0136,NIHR_HIC_ICU_0276,NIHR_HIC_ICU_0807 
187,Laboratory,Chemistry,Acid_base,HCO3,HCO3 - ABG / VBG,Yes,mmol/l,numeric,99.9,21 - 28,ICIP,within 30 min of input,NULL,ABG.HCO3,ABG,laboratory-chemistry-hco3-abg-vbg,NIHR_HIC_ICU_0138,NIHR_HIC_ICU_0277,NIHR_HIC_ICU_0808 
188,Laboratory,Chemistry,Lactate,Lactate_blood_gas,Lactate - ABG,Yes,mmol/l,numeric,99.9,0.4 - 2.2,ICIP,within 30 min of input,NULL,ABG.Lactate,ABG,physiology-cardiovascular-lactate-abg,NIHR_HIC_ICU_0122,NIHR_HIC_ICU_0268,NIHR_HIC_ICU_0980
189,Laboratory,Chemistry,Lactate,Lactate_laboratory,Lactate - Lab,Yes,mmol/l,numeric,99.9,0.5 - 2.2,ICIP,within 30 min of input,NULL,Lactate,Lab Value,physiology-cardiovascular-lactate-lab,NIHR_HIC_ICU_0123,NIHR_HIC_ICU_0269,NULL
190,Laboratory,Haematology,Blood_count,Haemoglobin_laboratory,Haemoglobin,Yes,g/l,numeric,999,115 - 174,ICIP,within 30 min of input,NULL,Haemoglobin,Lab Value,laboratory-haematology-hb,NIHR_HIC_ICU_0179,NIHR_HIC_ICU_0310,NULL
191,Laboratory,Haematology,Blood_count,Haemoglobin_blood_gas,Haemoglobin ABG/VBG,Yes,g/l,numeric,999,130 - 170,ICIP,within 30 min of input,NULL,ABG.Haemoglibin,ABG,laboratory-haematology-hb-abg-vbg,NIHR_HIC_ICU_0178,NIHR_HIC_ICU_0309,NULL
192,Laboratory,Haematology,Blood_count,White_cell_count,White cell count,Yes,x10^9/L,numeric,99.9,3.0 - 10.0,ICIP,within 30 min of input,NULL,White Cell Count,Lab Value,laboratory-haematology-white-cell-count,NIHR_HIC_ICU_0182,NIHR_HIC_ICU_0311,NULL
193,Laboratory,Haematology,Blood_count,White_cell_count,Neutrophil count,Yes,x10^9/L,numeric,99.9,2.0 - 7.5,ICIP,within 30 min of input,NULL,Neutrophils,Lab Value,laboratory-haematology-neutrophil-count,NIHR_HIC_ICU_0183,NIHR_HIC_ICU_0312,NULL
194,Laboratory,Haematology,Blood_count,Platelets,Platelets,Yes,x10^9/L,numeric,999,150 - 400,ICIP,within 30 min of input,NULL,Platelet Count,Lab Value,laboratory-haematology-platelets,NIHR_HIC_ICU_0184,NIHR_HIC_ICU_0313,NULL
195,Laboratory,Microbiology,Culture,NULL,Site,Yes,NULL,text,NULL,NULL,ICIP,within 30 min of input,NULL,Site,Not Available,laboratory-microbiology-culture,NIHR_HIC_ICU_0186,NIHR_HIC_ICU_0314,NULL
196,Laboratory,Microbiology,Culture,NULL,Organism,Yes,NULL,text,NULL,NULL,ICIP,within 30 min of input,NULL,Organism(s),Not Available,laboratory-microbiology-culture,NIHR_HIC_ICU_0187,NIHR_HIC_ICU_0314,NULL
197,Laboratory,Microbiology,Culture,NULL,Sensitivity,Yes,NULL,text,NULL,NULL,ICIP,within 30 min of input,NULL,Sensitivity,Not Available,laboratory-microbiology-culture,NIHR_HIC_ICU_0188,NIHR_HIC_ICU_0314,NULL
198,Laboratory,Respiratory,Gases,Oxygenation,PaO2 - ABG,Yes,kPa,numeric,99.9,10.67 - 13.33,ICIP,within 30 min of input,NULL,ABG.PO2,ABG,physiology-respiratory-pao2-abg,NIHR_HIC_ICU_0132,NIHR_HIC_ICU_0274,NIHR_HIC_ICU_0805 
199,Laboratory,Respiratory,Gases,Oxygenation,SaO2 - ABG,Yes,%,numeric,99,NULL,ICIP,within 30 min of input,NULL,ABG.SAO2,ABG,physiology-respiratory-sao2-abg,NIHR_HIC_ICU_0130,NIHR_HIC_ICU_0273,NIHR_HIC_ICU_0866
200,Laboratory,Respiratory,Gases,Oxygenation,Central venous saturation,Yes,%,numeric,99,NULL,ICIP,within 30 min of input,NULL,central venous blood O2 saturation measurement,Not collected at UCH,physiology-cardiovascular-cvs,NIHR_HIC_ICU_0125,NIHR_HIC_ICU_0270,NIHR_HIC_ICU_0545 
201,Laboratory,Respiratory,Gases,Carbon_dioxide,PaCO2 - ABG,Yes,kPa,numeric,99.9,4.67 - 6.00,ICIP,within 30 min of input,NULL,ABG.PCO2,ABG,physiology-respiratory-paco2-abg,NIHR_HIC_ICU_0134,NIHR_HIC_ICU_0275,NIHR_HIC_ICU_0806 
202,Drugs,Anti_microbials,Aminoglycosides,NULL,Amikacin,Yes,mg,numeric,9999,NULL,ICIP,within 30 min of input,NULL,Antibiotic,Amikacin,drug-anti-microbials-amikacin,NIHR_HIC_ICU_0414,NIHR_HIC_ICU_0318,NIHR_HIC_ICU_0949
203,Drugs,Anti_microbials,Aminoglycosides,NULL,Gentamicin,Yes,mg,numeric,999,NULL,ICIP,within 30 min of input,NULL,Antibiotic,Gentamicin,drug-anti-microbials-gentamicin,NIHR_HIC_ICU_0437,NIHR_HIC_ICU_0341,NIHR_HIC_ICU_0950
204,Drugs,Anti_microbials,Aminoglycosides,NULL,Neomycin,Yes,mg,numeric,9999,NULL,ICIP,within 30 min of input,NULL,Antibiotic,Neomycin,drug-anti-microbials-neomycin,NIHR_HIC_ICU_0444,NIHR_HIC_ICU_0348,NIHR_HIC_ICU_0951
205,Drugs,Anti_microbials,Aminoglycosides,NULL,Tobramycin,Yes,mg,numeric,999,NULL,ICIP,within 30 min of input,NULL,Antibiotic,Tobramycin,drug-anti-microbials-tobramycin,NIHR_HIC_ICU_0459,NIHR_HIC_ICU_0363,NIHR_HIC_ICU_0952
206,Drugs,Anti_microbials,Anti_protozoal,NULL,Pentamidine,Yes,mg,numeric,999,NULL,ICIP,within 30 min of input,NULL,Antibiotic,Pentamidine Isetionate,drug-anti-microbials-pentamidine,NIHR_HIC_ICU_0447,NIHR_HIC_ICU_0351,NIHR_HIC_ICU_0953
207,Drugs,Anti_microbials,Anti_tuberculous,NULL,Ethambutal HCL,Yes,mg,numeric,9999,NULL,ICIP,within 30 min of input,NULL,Antibiotic,Ethambutol HCL,drug-anti-microbials-Ethambutal-hcl,NIHR_HIC_ICU_0434,NIHR_HIC_ICU_0338,NIHR_HIC_ICU_0959
208,Drugs,Anti_microbials,Anti_tuberculous,NULL,Isoniazid,Yes,mg,numeric,999,NULL,ICIP,within 30 min of input,NULL,Antibiotic,Isoniazid,drug-anti-microbials-isoniazid,NIHR_HIC_ICU_0438,NIHR_HIC_ICU_0342,NIHR_HIC_ICU_0954
209,Drugs,Anti_microbials,Anti_tuberculous,NULL,Pyrazinamide,Yes,mg,numeric,999,NULL,ICIP,within 30 min of input,NULL,Antibiotic,Pyrazinamide,drug-anti-microbials-pyrazinamide,NIHR_HIC_ICU_0450,NIHR_HIC_ICU_0354,NIHR_HIC_ICU_0955
210,Drugs,Anti_microbials,Anti_tuberculous,NULL,Rifampacin,Yes,tab,numeric,9,NULL,ICIP,within 30 min of input,NULL,Antibiotic,Rifampicin,drug-anti-microbials-rifampacin,NIHR_HIC_ICU_0452,NIHR_HIC_ICU_0356,NIHR_HIC_ICU_0956
211,Drugs,Anti_microbials,Anti_tuberculous,NULL,Rifater,Yes,tab,numeric,9,NULL,ICIP,within 30 min of input,NULL,Antibiotic,Rifater,drug-anti-microbials-rifater,NIHR_HIC_ICU_0453,NIHR_HIC_ICU_0357,NIHR_HIC_ICU_0957
212,Drugs,Anti_microbials,Anti_tuberculous,NULL,Rifinah,Yes,tab,numeric,9,NULL,ICIP,within 30 min of input,NULL,Antibiotic,Rifinah,drug-anti-microbials-rifinah,NIHR_HIC_ICU_0454,NIHR_HIC_ICU_0358,NIHR_HIC_ICU_0958
213,Drugs,Anti_microbials,Carbapenems,NULL,Ertapenem,Yes,g,numeric,9.9,NULL,ICIP,within 30 min of input,NULL,Antibiotic,Ertapenem,drug-anti-microbials-ertapenem,NIHR_HIC_ICU_0432,NIHR_HIC_ICU_0336,NIHR_HIC_ICU_0576
214,Drugs,Anti_microbials,Carbapenems,NULL,Meropenem,Yes,g,numeric,9.9,NULL,ICIP,within 30 min of input,NULL,Antibiotic,Meropenem,drug-anti-microbials-meropenem,NIHR_HIC_ICU_0441,NIHR_HIC_ICU_0345,NIHR_HIC_ICU_0967
215,Drugs,Anti_microbials,Cephalosporins,NULL,Cefotaxime,Yes,g,numeric,9.9,NULL,ICIP,within 30 min of input,NULL,Antibiotic,Cefotaxime,drug-anti-microbials-cefotaxime,NIHR_HIC_ICU_0418,NIHR_HIC_ICU_0322,NIHR_HIC_ICU_0987
216,Drugs,Anti_microbials,Cephalosporins,NULL,Ceftazidime,Yes,g,numeric,9.9,NULL,ICIP,within 30 min of input,NULL,Antibiotic,Ceftazidime,drug-anti-microbials-ceftazidime,NIHR_HIC_ICU_0419,NIHR_HIC_ICU_0323,NIHR_HIC_ICU_0588
217,Drugs,Anti_microbials,Cephalosporins,NULL,Ceftriaxone,Yes,g,numeric,9.9,NULL,ICIP,within 30 min of input,NULL,Antibiotic,Ceftriaxone,drug-anti-microbials-ceftriaxone,NIHR_HIC_ICU_0420,NIHR_HIC_ICU_0324,NIHR_HIC_ICU_0589
218,Drugs,Anti_microbials,Cephalosporins,NULL,Cefuroxime,Yes,mg,numeric,9999,NULL,ICIP,within 30 min of input,NULL,Antibiotic,Cefuroxime,drug-anti-microbials-cefuroxime,NIHR_HIC_ICU_0421,NIHR_HIC_ICU_0325,NIHR_HIC_ICU_0590
219,Drugs,Anti_microbials,Chloramphenicol,NULL,Chloramphenicol,Yes,mg,numeric,9999,NULL,ICIP,within 30 min of input,NULL,Antibiotic,Chloramphenicol,drug-anti-microbials-chloramphenicol,NIHR_HIC_ICU_0422,NIHR_HIC_ICU_0326,NIHR_HIC_ICU_0567
220,Drugs,Anti_microbials,Fusidanes,NULL,Fuscidic acid,Yes,mg,numeric,9999,NULL,ICIP,within 30 min of input,NULL,Antibiotic,Fusidic Acid,drug-anti-microbials-fusidic-acid-ng,NIHR_HIC_ICU_0436,NIHR_HIC_ICU_0340,NIHR_HIC_ICU_0579
221,Drugs,Anti_microbials,Fusidanes,NULL,Sodium Fusidate,Yes,mg,numeric,999,NULL,ICIP,within 30 min of input,NULL,Antibiotic,Sodium fusidate,drug-anti-microbials-sodium-fusidate,NIHR_HIC_ICU_0456,NIHR_HIC_ICU_0360,NIHR_HIC_ICU_0960
222,Drugs,Anti_microbials,Glycopeptides,NULL,Teicoplanin,Yes,mg,numeric,9999,NULL,ICIP,within 30 min of input,NULL,Antibiotic,Teicoplanin,drug-anti-microbials-teicoplanin,NIHR_HIC_ICU_0457,NIHR_HIC_ICU_0361,NIHR_HIC_ICU_0961
223,Drugs,Anti_microbials,Glycopeptides,NULL,Vancomycin,Yes,mg,numeric,9999,NULL,ICIP,within 30 min of input,NULL,Antibiotic,Vancomycin,drug-anti-microbials-vancomycin,NIHR_HIC_ICU_0461,NIHR_HIC_ICU_0365,NIHR_HIC_ICU_0964
224,Drugs,Anti_microbials,Lincosamides,NULL,Clindamycin,Yes,mg,numeric,9999,NULL,ICIP,within 30 min of input,NULL,Antibiotic,Clindamycin,drug-anti-microbials-clindamycin,NIHR_HIC_ICU_0425,NIHR_HIC_ICU_0329,NIHR_HIC_ICU_0591
225,Drugs,Anti_microbials,Macrolides,NULL,Azithromycin,Yes,mg,numeric,9999,NULL,ICIP,within 30 min of input,NULL,Antibiotic,Azithromycin,drug-anti-microbials-azithromycin,NIHR_HIC_ICU_0416,NIHR_HIC_ICU_0320,NIHR_HIC_ICU_0986
226,Drugs,Anti_microbials,Macrolides,NULL,Clarithromycin,Yes,mg,numeric,9999,NULL,ICIP,within 30 min of input,NULL,Antibiotic,Clarithromycin,drug-anti-microbials-clarithromycin,NIHR_HIC_ICU_0424,NIHR_HIC_ICU_0328,NIHR_HIC_ICU_0594
227,Drugs,Anti_microbials,Macrolides,NULL,Erythromycin,Yes,mg,numeric,9999,NULL,ICIP,within 30 min of input,NULL,Antibiotic,Erythromycin,drug-anti-microbials-erythromycin,NIHR_HIC_ICU_0433,NIHR_HIC_ICU_0337,NIHR_HIC_ICU_0577
228,Drugs,Anti_microbials,Nitrofurans,NULL,Nitrofurantion,Yes,mg,numeric,999,NULL,ICIP,within 30 min of input,NULL,Antibiotic,Nitrofurantoin,drug-anti-microbials-nitrofurantion,NIHR_HIC_ICU_0445,NIHR_HIC_ICU_0349,NIHR_HIC_ICU_0580
229,Drugs,Anti_microbials,Nitroimidazole,NULL,Metronidazole,Yes,mg,numeric,999,NULL,ICIP,within 30 min of input,NULL,Antibiotic,Metronidazole,drug-anti-microbials-metronidazole,NIHR_HIC_ICU_0442,NIHR_HIC_ICU_0346,NIHR_HIC_ICU_0968
230,Drugs,Anti_microbials,Oxazolidinone,NULL,Linezolid,Yes,mg,numeric,999,NULL,ICIP,within 30 min of input,NULL,Antibiotic,Linezolid,drug-anti-microbials-linezolid,NIHR_HIC_ICU_0440,NIHR_HIC_ICU_0344,NIHR_HIC_ICU_0966
231,Drugs,Anti_microbials,Penicillins,NULL,Amoxicillin,Yes,mg,numeric,9999,NULL,ICIP,within 30 min of input,NULL,Antibiotic,Amoxicillin,drug-anti-microbials-amoxicillin,NIHR_HIC_ICU_0415,NIHR_HIC_ICU_0319,NIHR_HIC_ICU_0985
232,Drugs,Anti_microbials,Penicillins,NULL,Benzylpenicillin,Yes,mg,numeric,9999,NULL,ICIP,within 30 min of input,NULL,Antibiotic,Benzylpenicillin,drug-anti-microbials-benzylpenicillin,NIHR_HIC_ICU_0417,NIHR_HIC_ICU_0321,NIHR_HIC_ICU_0562
233,Drugs,Anti_microbials,Penicillins,NULL,Co-Amoxiclav,Yes,mg,numeric,9999,NULL,ICIP,within 30 min of input,NULL,Antibiotic,Co-Amoxiclav,drug-anti-microbials-co-amoxiclav,NIHR_HIC_ICU_0426,NIHR_HIC_ICU_0330,NIHR_HIC_ICU_0571
234,Drugs,Anti_microbials,Penicillins,NULL,Flucloxacillin,Yes,mg,numeric,9999,NULL,ICIP,within 30 min of input,NULL,Antibiotic,Flucloxacillin,drug-anti-microbials-flucloxacillin,NIHR_HIC_ICU_0435,NIHR_HIC_ICU_0339,NIHR_HIC_ICU_0578
235,Drugs,Anti_microbials,Penicillins,NULL,Phenoxymethylpenicillin,Yes,mg,numeric,9999,NULL,ICIP,within 30 min of input,NULL,Antibiotic,Phenoxymethylpenicillin,drug-anti-microbials-phenoxymethylpenicillin,NIHR_HIC_ICU_0448,NIHR_HIC_ICU_0352,NIHR_HIC_ICU_0582
236,Drugs,Anti_microbials,Penicillins,NULL,Piperacillin/Tazobactam,Yes,g,numeric,9.9,NULL,ICIP,within 30 min of input,NULL,Antibiotic,Piperacillin/Tazobactam,drug-anti-microbials-piperacillin-tazobactam,NIHR_HIC_ICU_0449,NIHR_HIC_ICU_0353,NIHR_HIC_ICU_0583
237,Drugs,Anti_microbials,Polymyxins,NULL,Colistin,Yes,megaunits,numeric,9.9,NULL,ICIP,within 30 min of input,NULL,Antibiotic,Colistin,drug-anti-microbials-colistin,NIHR_HIC_ICU_0427,NIHR_HIC_ICU_0331,NIHR_HIC_ICU_0572
238,Drugs,Anti_microbials,Quinolones,NULL,Ciprofloxacin,Yes,mg,numeric,999,NULL,ICIP,within 30 min of input,NULL,Antibiotic,Ciprofloxacin,drug-anti-microbials-ciprofloxacin,NIHR_HIC_ICU_0423,NIHR_HIC_ICU_0327,NIHR_HIC_ICU_0593
239,Drugs,Anti_microbials,Quinolones,NULL,Levofloxacin,Yes,mg,numeric,999,NULL,ICIP,within 30 min of input,NULL,Antibiotic,Levofloxacin,drug-anti-microbials-levofloxacin,NIHR_HIC_ICU_0439,NIHR_HIC_ICU_0343,NIHR_HIC_ICU_0965
240,Drugs,Anti_microbials,Quinolones,NULL,Moxifloxacin,Yes,mg,numeric,999,NULL,ICIP,within 30 min of input,NULL,Antibiotic,Moxifloxacin,drug-anti-microbials-moxifloxacin,NIHR_HIC_ICU_0443,NIHR_HIC_ICU_0347,NIHR_HIC_ICU_0969
241,Drugs,Anti_microbials,Quinolones,NULL,Ofloxacin,Yes,mg,numeric,999,NULL,ICIP,within 30 min of input,NULL,Antibiotic,Ofloxacin,drug-anti-microbials-ofloxacin,NIHR_HIC_ICU_0446,NIHR_HIC_ICU_0350,NIHR_HIC_ICU_0581
242,Drugs,Anti_microbials,Sulfonamides_trimethoprim,NULL,Co-Trimoxazole,Yes,mg,numeric,9999,NULL,ICIP,within 30 min of input,NULL,Antibiotic,Co-Trimoxazole,drug-anti-microbials-co-trimoxazole,NIHR_HIC_ICU_0428,NIHR_HIC_ICU_0332,NIHR_HIC_ICU_0592
243,Drugs,Anti_microbials,Sulfonamides_trimethoprim,NULL,Trimethoprim,Yes,mg,numeric,999,NULL,ICIP,within 30 min of input,NULL,Antibiotic,Trimethoprim,drug-anti-microbials-trimethoprim,NIHR_HIC_ICU_0460,NIHR_HIC_ICU_0364,NIHR_HIC_ICU_0963
244,Drugs,Anti_microbials,Tetracyclines,NULL,Demeclocycline HCL,Yes,mg,numeric,999,NULL,ICIP,within 30 min of input,NULL,Antibiotic,Demeclocycline HCL,drug-anti-microbials-demeclocycline-hcl,NIHR_HIC_ICU_0429,NIHR_HIC_ICU_0333,NIHR_HIC_ICU_0574
245,Drugs,Anti_microbials,Tetracyclines,NULL,Doxycycline,Yes,mg,numeric,999,NULL,ICIP,within 30 min of input,NULL,Antibiotic,Doxycycline,drug-anti-microbials-doxycycline,NIHR_HIC_ICU_0430,NIHR_HIC_ICU_0334,NIHR_HIC_ICU_0575
246,Drugs,Anti_microbials,Tetracyclines,NULL,Tigecycline,Yes,mg,numeric,999,NULL,ICIP,within 30 min of input,NULL,Antibiotic,Tigecycline,drug-anti-microbials-tigecycline,NIHR_HIC_ICU_0458,NIHR_HIC_ICU_0362,NIHR_HIC_ICU_0962
247,Drugs,CNS,Sedatives_continuous_infusion,Induction_agent,Propofol,Yes,mg/hr,numeric,999,NULL,ICIP,within 30 min of input,NULL,Drug,Propofol,drug-cns-propofol,NIHR_HIC_ICU_0462,NIHR_HIC_ICU_0369,
248,Drugs,CNS,Sedatives_continuous_infusion,Barbiturates,Thiopentone / Thiopental,Yes,mg/kg/hr,numeric,999,NULL,ICIP,within 30 min of input,NULL,Drug,Thiopental,drug-cns-Thiopentone-Thiopental,NIHR_HIC_ICU_0558,NIHR_HIC_ICU_0876,NULL
249,Drugs,CNS,Sedatives_continuous_infusion,Benzodiazepines,Midazolam,Yes,mg/hr,numeric,99,NULL,ICIP,within 30 min of input,NULL,Drug,Midazolam,drug-cns-midazolam,NIHR_HIC_ICU_0463,NIHR_HIC_ICU_0367,NULL
250,Drugs,CNS,Sedatives_continuous_infusion,Alpha_2_agonists,Clonidine,Yes,mcg/hr,numeric,999,NULL,ICIP,within 30 min of input,NULL,Drug,Clonidine,drug-cns-clonidine,NIHR_HIC_ICU_0559,NIHR_HIC_ICU_0873,NULL
251,Drugs,CNS,Sedatives_continuous_infusion,Alpha_2_agonists,Dexmedetomidine,Yes,mcg/kg/min,numeric,9.9,NULL,ICIP,within 30 min of input,NULL,Drug,Dexmedetomidine,drug-cns-dexmedetomidine,NIHR_HIC_ICU_0560,NIHR_HIC_ICU_0372,NULL
252,Drugs,CNS,Sedatives_continuous_infusion,Phencyclidines,Ketamine,Yes,mcg/kg/min,numeric,99.9,NULL,ICIP,within 30 min of input,NULL,Drug,Ketamine,drug-cns-ketamine,NIHR_HIC_ICU_0561,NIHR_HIC_ICU_0874,NULL
253,Drugs,CNS,Analgesics,Opioids,Fentanyl,Yes,mcg/hr,numeric,999,NULL,ICIP,within 30 min of input,NULL,Drug,Fentanyl,drug-cns-fentanyl,NIHR_HIC_ICU_0242,NIHR_HIC_ICU_0371,NULL
254,Drugs,CNS,Analgesics,Opioids,Morphine,Yes,mg/hr,numeric,99,NULL,ICIP,within 30 min of input,NULL,Drug,Morphine,drug-cns-morphine,NIHR_HIC_ICU_0563,NIHR_HIC_ICU_0875,NULL
255,Drugs,CNS,Analgesics,Opioids,Remifentanil,Yes,mcg/kg/min,numeric,9.9,NULL,ICIP,within 30 min of input,NULL,Drug,Remifentanil,drug-cns-remifentanil,NIHR_HIC_ICU_0464,NIHR_HIC_ICU_0368,NULL
256,Drugs,CVSvasoactive,Inotropes,Calcium_sensitiser,Levosimendan,Yes,mcg/kg/min,numeric,9.9,NULL,ICIP,within 30 min of input,NULL,Drug,Levosimedan,infusion-cvs-vasoactive-levosimendan,NIHR_HIC_ICU_0469,NIHR_HIC_ICU_0892,NULL
257,Drugs,CVSvasoactive,Inotropes,Catecholamines,Adrenaline,Yes,mcg/kg/min,numeric,9.99,NULL,ICIP,within 30 min of input,NULL,Drug,Adrenaline,infusion-cvs-vasoactive-adrenaline,NIHR_HIC_ICU_0465,NIHR_HIC_ICU_0888,NULL
258,Drugs,CVSvasoactive,Inotropes,Catecholamines,Dobutamine,Yes,mcg/kg/min,numeric,99.9,NULL,ICIP,within 30 min of input,NULL,Drug,Dobutamine,infusion-cvs-vasoactive-dobutamine,NIHR_HIC_ICU_0466,NIHR_HIC_ICU_0889,NULL
259,Drugs,CVSvasoactive,Inotropes,Catecholamines,Dopamine,Yes,mcg/kg/min,numeric,99.9,NULL,ICIP,within 30 min of input,NULL,Drug,Dopamine,infusion-cvs-vasoactive-dopamine,NIHR_HIC_ICU_0467,NIHR_HIC_ICU_0890,NULL
260,Drugs,CVSvasoactive,Inotropes,Catecholamines,Dopexamine,Yes,mcg/kg/min,numeric,99.9,NULL,ICIP,within 30 min of input,NULL,Drug,Dopexamine,infusion-cvs-vasoactive-dopexamine,NIHR_HIC_ICU_0564,NIHR_HIC_ICU_0897,NULL
261,Drugs,CVSvasoactive,Inotropes,Phosphodiesterase_inhibitors,Enoximone,Yes,mcg/kg/min,numeric,99.9,NULL,ICIP,within 30 min of input,NULL,Drug,Enoximone,infusion-cvs-vasoactive-enoximone,NIHR_HIC_ICU_0468,NIHR_HIC_ICU_0891,NULL
262,Drugs,CVSvasoactive,Inotropes,Phosphodiesterase_inhibitors,Milrinone,Yes,mcg/kg/min,numeric,9.9,NULL,ICIP,within 30 min of input,NULL,Drug,Milrinone,infusion-cvs-vasoactive-milrinone,NIHR_HIC_ICU_0252,NIHR_HIC_ICU_0896,NULL
263,Drugs,CVSvasoactive,Vasopressors,Catecholamines,Noradrenaline,Yes,mcg/kg/min,numeric,9.99,NULL,ICIP,within 30 min of input,NULL,Drug,Noradrenaline (UCH),infusion-cvs-vasoactive-noradrenaline,NIHR_HIC_ICU_0470,NIHR_HIC_ICU_0893,NULL
264,Drugs,CVSvasoactive,Vasopressors,Vasopressin,Vasopressin,Yes,units/min,numeric,9.9,NULL,ICIP,within 30 min of input,NULL,Drug,Vasopressin,infusion-cvs-vasoactive-vasopressin,NIHR_HIC_ICU_0471,NIHR_HIC_ICU_0894,NULL
265,Drugs,CVSvasoactive,Vasopressors,Vasopressin_analogue,Terlipressin,Yes,mg,numeric,99,NULL,ICIP,within 30 min of input,NULL,Drug,Terlipressin,infusion-cvs-vasoactive-terlipressin,NIHR_HIC_ICU_0565,NIHR_HIC_ICU_0867,
266,Drugs,CVSvasoactive,Adjuncts,IV_beta_blockers,Esmolol,Yes,mcg/kg/min,numeric,999,NULL,ICIP,within 30 min of input,NULL,Drug,Esmolol,Infusion-cvs-vasoactive-adjuncts-esmolol,NIHR_HIC_ICU_0906,NIHR_HIC_ICU_0920,NULL
267,Drugs,CVSvasoactive,Adjuncts,IV_beta_blockers,Metoprolol,Yes,mg,numeric,99.9,NULL,ICIP,within 30 min of input,NULL,Drug,Metoprolol,Infusion-cvs-vasoactive-adjuncts-metoprolol,NIHR_HIC_ICU_0907,NIHR_HIC_ICU_0921,NIHR_HIC_ICU_0981
268,Drugs,CVSvasoactive,Adjuncts,IV_steroids,Dexamethasone,Yes,mg,numeric,99,NULL,ICIP,within 30 min of input,NULL,Drug,Dexamethasone,Infusion-cvs-vasoactive-adjuncts-dexamethasone,NIHR_HIC_ICU_0908,NIHR_HIC_ICU_0922,NIHR_HIC_ICU_0982
269,Drugs,CVSvasoactive,Adjuncts,IV_steroids,Hydrocortisone,Yes,mg,numeric,999,NULL,ICIP,within 30 min of input,NULL,Drug,Hydrocortisone,Infusion-cvs-vasoactive-adjuncts-hydrocortisone,NIHR_HIC_ICU_0909,NIHR_HIC_ICU_0923,NIHR_HIC_ICU_0983
270,Drugs,CVSvasoactive,Adjuncts,IV_steroids,Methylprednisolone,Yes,mg,numeric,999,NULL,ICIP,within 30 min of input,NULL,Drug,Methylprednisolone,Infusion-cvs-vasoactive-adjuncts-methylprednisolone,NIHR_HIC_ICU_0910,NIHR_HIC_ICU_0924,NIHR_HIC_ICU_0984
